"","Delta_Beta_Mean"
"cg17784749",0.0331417306985409
"cg11288801",0.118082721701827
"cg00894378",0.0666213156268184
"cg13995427",-0.176074628024052
"cg20301780",-0.0583630219222641
"cg07148038",-0.0961257563785955
"cg12495559",-0.174314651178857
"cg01438365",0.181780166375656
"cg05849431",0.1709481838908
"cg26203839",-0.0780333214305708
"cg23764603",-0.142821536327499
"cg12103897",-0.100898112343192
"cg17514766",-0.174690574703832
"cg25526061",-0.123195417984137
"cg09921821",-0.144327411001652
"cg17562433",-0.148843979085721
"cg16681977",0.0406262707370177
"cg03477080",-0.165777152061426
"cg16729850",0.0756748475031431
"cg06495631",0.176624662294003
"cg26940479",0.0723632165559637
"cg26656751",-0.136084639519478
"cg14590369",-0.0671762981494707
"cg26927232",-0.141353700102545
"cg08123444",-0.0991631179610124
"cg06282596",-0.14576994475425
"cg15295332",0.0248184591338218
"cg10714960",-0.0829215865949846
"cg09301200",-0.109779938993211
"cg10170504",0.0969131067592277
"cg02011981",0.204408947938973
"cg14481208",0.0934774647408251
"cg10378348",-0.0723160386999528
"cg14287796",0.172743958985633
"cg22424284",-0.0627200334309393
"cg25694032",-0.134969028261914
"cg02207858",0.111909465101814
"cg15972264",-0.156146687059429
"cg09759458",0.0543720894312692
"cg08300930",-0.0773542192469741
"cg18870599",0.0417721480347205
"cg25404375",-0.166969332220934
"cg08994060",-0.175449468238962
"cg20682675",-0.124650471181668
"cg08719577",0.0146793751023086
"cg10396171",-0.194031249506959
"cg15583029",-0.0914780213547768
"cg26215849",0.0904077957485383
"cg27311341",-0.11393253301448
"cg00610577",-0.178745874657103
"cg03103886",0.140666285897291
"cg09367545",0.143028682686583
"cg02326806",-0.164883060369689
"cg12332674",-0.0753507544462815
"cg10013142",0.0685371336799854
"cg14836522",-0.113627278845275
"cg13247398",-0.123469742591642
"cg11685316",0.202148759083844
"cg14371731",-0.111988278479549
"cg13873263",-0.11592876360667
"cg23731742",-0.0986647113833265
"cg01213231",-0.0845735773168566
"cg05793013",0.083737555950686
"cg15341833",-0.0929188322683499
"cg08043345",-0.10526776316348
"cg08959039",-0.117664421829186
"cg08105396",-0.133888430258265
"cg08103988",0.124178462687641
"cg08899895",0.101038046046305
"cg23781334",0.210124998115132
"cg04430129",0.149873461192338
"cg27170268",-0.0958941955549877
"cg05272827",-0.137754010640389
"cg24810735",0.0780506564952064
"cg27159677",0.0350512668846527
"cg16659510",-0.0839355334860816
"cg10479181",0.0917374809413433
"cg16718276",0.163091504876982
"cg02770133",-0.116364764836795
"cg08548489",0.0182198922373185
"cg27365627",-0.145141370382724
"cg17915972",-0.111865818587021
"cg25885280",-0.105802897260003
"cg08887400",-0.13576374067565
"cg02963266",0.0628904057508801
"cg27588646",0.267671332349395
"cg19884556",0.0720513353066843
"cg20307391",0.174752225750268
"cg21450723",-0.163550432305716
"cg05695429",-0.118288971981151
"cg20151476",0.143723841521973
"cg27599211",0.113083664431966
"cg00693401",0.0183064690948623
"cg05211836",-0.128839510292489
"cg01252526",-0.212891110222308
"cg07815009",0.0978195478150337
"cg26255314",-0.0790270357649779
"cg26517831",-0.0983489626021878
"cg18680977",0.104366369738145
"cg20580578",0.253669729033778
"cg03070236",-0.162808018033187
"cg10296799",0.0331947443586334
"cg06052485",-0.093605403108166
"cg08347471",0.156389215471675
"cg23548479",-0.130420893227801
"cg01738022",-0.12175016971602
"cg02691264",-0.0990214052298328
"cg09043214",-0.145501219562559
"cg17067405",0.148234961523717
"cg05946118",-0.0966861520009476
"cg00472277",-0.139099536053097
"cg27091865",0.0661143646323857
"cg04831806",0.210877353284058
"cg05547778",-0.131964954207006
"cg20307496",-0.110691262252414
"cg20064118",0.132549779208949
"cg15716241",-0.237398298038705
"cg16377998",-0.0517522812153188
"cg15868235",0.100979505941458
"cg14014699",0.0420547739562203
"cg16200879",-0.218538866137512
"cg26311610",-0.14819723147729
"cg04696407",-0.223423240953877
"cg26876664",-0.166207222195645
"cg20643952",-0.221093495779484
"cg16080125",-0.0825075343358972
"cg14864022",0.21837890886501
"cg06611426",-0.132634698593544
"cg02744699",0.246448493848656
"cg19128723",-0.147241893811574
"cg17050616",0.165974275292846
"cg10195215",0.141094462416648
"cg16079364",-0.167334086701985
"cg27196131",0.154927241294375
"cg22950153",0.128899207094445
"cg05917748",0.095070577381147
"cg19126169",0.173384381273336
"cg24345715",-0.147381624913831
"cg17078533",-0.0960557451162233
"cg15925094",-0.139648556039612
"cg06147752",0.139034609375558
"cg19163395",-0.117329077881568
"cg17355719",0.123841929438865
"cg16149927",-0.099116686254958
"cg01973676",-0.132182732330836
"cg03826642",0.0997089608190701
"cg05283521",0.147658368737433
"cg01462946",-0.128157271137583
"cg06676313",0.0900957373665609
"cg23256343",-0.137779190243136
"cg06314111",0.192806984529615
"cg24968185",-0.127127946680136
"cg07629965",-0.211014594054392
"cg21926619",0.162158474826419
"cg16035199",0.0768036127504319
"cg07428648",0.0442151807616388
"cg16228365",-0.139765606222226
"cg15768443",-0.130134716902071
"cg06752054",-0.157675035747525
"cg19324462",0.219560406350614
"cg07701049",-0.0910710704698603
"cg15305070",0.180432003040906
"cg12148300",0.150469023410029
"cg21404878",-0.0411429845294239
"cg19014335",-0.129632985277203
"cg04643969",-0.1290900655046
"cg24166450",0.0313109570782165
"cg12355887",-0.122698954808659
"cg24375399",-0.186503973192714
"cg01436424",-0.150934058150298
"cg07042007",-0.157319143368923
"cg24216889",0.0274801197410207
"cg04222159",-0.165879708319819
"cg14478217",-0.0894071199086011
"cg23948811",-0.0791213379380418
"cg25306499",0.0396496834308325
"cg21386995",0.170094850836371
"cg03446244",0.0745387817120211
"cg05653753",-0.0635461380225512
"cg11538810",-0.121271692696627
"cg19954537",-0.158213650415545
"cg12537337",-0.134602412556783
"cg18758433",-0.143026568443327
"cg20321801",-0.118806013940548
"cg19336198",-0.124982655819896
"cg15629311",-0.0974932111629398
"cg21464724",-0.104372127685739
"cg05014727",-0.147750297716343
"cg04910877",-0.117121455381622
"cg05638439",-0.151020227778949
"cg26960896",-0.0937077738177784
"cg16214653",-0.133465537631787
"cg08737189",-0.115874817209026
"cg10499126",-0.100800931642717
"cg17486946",-0.191949707733014
"cg16620608",-0.0797753571418815
"cg03953626",-0.088098421027049
"cg02780130",-0.220133602606024
"cg19240213",0.181011759380269
"cg08843756",0.11208958935489
"cg11883892",0.158565055689601
"cg22635676",0.211195104022445
"cg22792176",0.0701700713300074
"cg26263766",-0.0873749454035328
"cg07470011",-0.11954857358437
"cg07422888",-0.147941065056506
"cg01039355",0.12981634368536
"cg00855243",-0.075449652936446
"cg07701241",-0.105153366099818
"cg01438467",0.134442619026879
"cg06654691",-0.134493923267121
"cg24539455",-0.133864896660282
"cg26588076",-0.123100880663013
"cg02283485",-0.22356334601399
"cg08767743",0.229775227670964
"cg11887124",0.0759755394622818
"cg15531369",-0.0973862351633501
"cg19593255",0.234873462633405
"cg03739132",-0.0555093334267565
"cg03359704",-0.160251360488268
"cg16402893",-0.0995527909645916
"cg02747057",-0.111579857208526
"cg23827531",-0.157736903522913
"cg14213105",-0.0852469625009352
"cg21616405",-0.0939532322903041
"cg15253255",-0.198583508168419
"cg19797087",-0.11900895921382
"cg10992925",0.0260751178962778
"cg17144710",-0.0973079938038818
"cg25364619",-0.133059622735079
"cg15843262",-0.18669739167594
"cg13504740",0.0989664517074114
"cg16101008",-0.125249497169069
"cg16373526",-0.0444423242415678
"cg23479221",0.136499011127678
"cg03112307",-0.146995101356108
"cg19521279",-0.178048954136656
"cg00664697",-0.220036239648945
"cg27501748",0.112590049624165
"cg13759953",-0.154398744088912
"cg06602086",-0.135993387034441
"cg17249519",-0.122581554109303
"cg09866303",0.211762111988862
"cg07059972",0.16984562614695
"cg24628298",-0.0760153853940962
"cg14076977",-0.150433076304555
"cg09437479",0.17092809210042
"cg03557614",-0.15027598854097
"cg25493992",-0.07379732421737
"cg07463103",-0.139884423163047
"cg10421346",-0.0968441119878462
"cg11057802",-0.133420494118906
"cg13232525",-0.110778154895573
"cg23862925",0.175163792629992
"cg05777536",-0.0947456314068675
"cg10277044",-0.127222981056677
"cg15576342",0.10320180962413
"cg20303561",0.27102613072862
"cg17430986",0.147111181024155
"cg08802144",0.1517653126555
"cg18589340",0.122599278284832
"cg09685763",-0.0807981783250255
"cg00959238",0.183090026580833
"cg03961255",-0.145755768334714
"cg03498081",-0.136899126901452
"cg13668053",0.198555382956143
"cg21569045",0.250076109352686
"cg23145580",0.205152618921656
"cg01207474",0.0470212169134954
"cg01914219",0.190131866194091
"cg23095243",0.154111786449805
"cg19686924",0.067312148207519
"cg27363691",0.311615286767231
"cg14297797",-0.129791675826429
"cg06837799",0.0778375600398854
"cg07316166",0.137896427429374
"cg04031201",-0.100794705919196
"cg07943639",0.206828274509812
"cg06647382",0.27655643062219
"cg18458509",-0.149588204585107
"cg07050692",-0.157398775358624
"cg14783600",0.255321721737466
"cg09270632",0.272666310064121
"cg22045878",-0.102787028352063
"cg26676701",0.280542729606085
"cg26415305",0.242790791288812
"cg23351923",0.238303918938065
"cg23706108",0.222715441179116
"cg07680679",-0.113256612367179
"cg09837656",-0.209785715663142
"cg00587342",0.172897822967534
"cg03313447",0.134689021770896
"cg22014770",0.29516639299751
"cg22800543",0.129812908748031
"cg24556770",0.217348916548263
"cg03858421",0.248507609508952
"cg24594658",-0.163970586833043
"cg04181682",-0.0907088159793049
"cg03181957",0.151924913860526
"cg03640732",-0.102647383692403
"cg05079903",0.0952044583926916
"cg00508257",0.25992765092458
"cg05939560",-0.0902636955504178
"cg26043485",0.161961647964032
"cg07481697",-0.189387479537409
"cg03779684",0.226451197779764
"cg04056620",-0.149525191639469
"cg23349726",0.1838798558611
"cg03633268",0.177245223723257
"cg04849008",0.224024386971357
"cg06233930",0.11878436147967
"cg07394127",0.167700546460565
"cg12717235",0.144013173493292
"cg20898725",-0.240941685747037
"cg14131824",0.140338462912017
"cg01819502",0.221337857841003
"cg21646082",0.295219162350043
"cg05038288",0.197753854513517
"cg06211062",0.183563757177218
"cg05871756",0.194673947083571
"cg00457247",0.217889757113395
"cg09622871",0.2398927098925
"cg01317060",0.194467237466079
"cg25631457",0.0687089514422395
"cg17849674",-0.177730323477362
"cg03289484",0.194909185629929
"cg20232291",0.0696725016744062
"cg04724133",0.250026178778715
"cg18590565",0.209997981087978
"cg20975733",-0.0854036029896439
"cg00170931",0.146704117355473
"cg20844262",0.273758818272266
"cg10042335",-0.0542154554332559
"cg25029580",0.147456304213194
"cg03957095",0.243233407673353
"cg09442240",0.129616660747845
"cg23012384",0.210586216899604
"cg21438408",0.179058485502059
"cg09699430",0.264310060196429
"cg24538052",0.159572221554766
"cg01717201",0.124912304575082
"cg23713299",0.211973460866872
"cg10392572",-0.0862940843894026
"cg24338748",0.0439835796461242
"cg23711394",0.132056452366301
"cg06830529",0.236905232760228
"cg21501097",0.189824583846454
"cg21221642",0.187665386846796
"cg04144365",0.127696379000428
"cg08281590",0.232167029967713
"cg00705172",0.225286327848907
"cg10156217",-0.190822208562228
"cg14063129",0.191249559297493
"cg16304097",0.285743406191934
"cg23322957",-0.132689073303164
"cg12684175",0.168748065788907
"cg26605760",0.226995283045309
"cg24394499",0.159874368588441
"cg08237950",0.168880107892077
"cg00583480",0.215418414883207
"cg03925413",0.1880008611555
"cg03002834",0.194135848282459
"cg11501313",0.140152826449918
"cg11328541",-0.161303599578893
"cg21324456",-0.238970284819094
"cg15328414",0.273575160535778
"cg01415937",-0.170429464670847
"cg23601374",-0.0704747637753628
"cg11229611",0.156164860308936
"cg10551856",0.283839412643999
"cg01024042",-0.218461656628681
"cg22322605",0.193553805964041
"cg12603369",0.203364272813777
"cg14500070",0.228606071839484
"cg18425869",0.0980620323510202
"cg19349283",0.230050145555984
"cg09748135",-0.124394198278015
"cg02242894",0.192401677468246
"cg07453407",0.152422549934999
"cg11105563",0.301167323153695
"cg10089963",0.217723363277365
"cg02937158",0.200679912486166
"cg17081433",0.14799231157896
"cg22208174",0.167524618528303
"cg03766946",-0.156038090662467
"cg26545580",0.245463389457615
"cg13060749",0.246401611780259
"cg23578515",0.277620018638497
"cg03187809",0.175700813172437
"cg13420075",-0.10484274194616
"cg24116665",0.238565892005067
"cg18473973",-0.168661098423269
"cg26675469",0.180598205957965
"cg17722087",0.185722512832945
"cg24366797",0.218731113657365
"cg19687603",0.303041656827849
"cg21032564",0.148058571870558
"cg06184785",0.305741598558553
"cg07874367",0.182601710695676
"cg12293460",0.219028648587645
"cg16509430",0.215648955652843
"cg10910848",0.222666883916712
"cg04882779",0.183125281005762
"cg04070692",0.186071766141212
"cg08354007",0.20977829877692
"cg01774111",0.183702632755752
"cg20230271",0.110011836977433
"cg10990971",-0.0823779963850523
"cg18882687",-0.165646812681161
"cg06670550",-0.0867764715770303
"cg24148304",0.223575688095562
"cg07288031",0.121624454951654
"cg11940376",0.208997494239043
"cg20971474",-0.0813751196910648
"cg19454119",-0.154678418197286
"cg19093949",0.157224814446307
"cg08025520",0.135042252296014
"cg00704873",0.224139470117123
"cg02752076",0.166313316031936
"cg23834244",0.195081533903741
"cg19393606",0.199140153609586
"cg22850496",-0.186697243017309
"cg12807174",0.218990240900109
"cg08237608",0.325198503717171
"cg26279253",0.141532325461054
"cg06920263",-0.054287215149748
"cg21754824",0.219810042114692
"cg09660548",0.270793600461891
"cg02007269",0.143592991943992
"cg04228072",0.0782719884256
"cg04255391",-0.112634509574563
"cg03898598",-0.263794903168653
"cg23046919",-0.127338884302827
"cg08340838",0.140336616723964
"cg16839921",0.163842241328589
"cg26112706",0.265340168250636
"cg02517853",0.128669977986386
"cg17799742",0.210821672112956
"cg13038847",0.260273598857311
"cg05390795",0.222048735079003
"cg25408314",-0.201226546515407
"cg12476455",-0.113697166957358
"cg13429093",0.133591515626491
"cg25697694",0.166148447957604
"cg03886898",0.210004417950972
"cg10380546",0.218065753718466
"cg11236985",0.241074682632404
"cg20531001",-0.101384247990758
"cg09001973",0.236539597736945
"cg09104166",0.166480016266113
"cg26010301",0.206595330398132
"cg13452588",0.139489603294478
"cg03164850",0.187030029854774
"cg01181485",-0.0610150740987002
"cg17868893",0.199954818042669
"cg05578673",0.234609037865209
"cg13540639",0.225852185894691
"cg26544981",-0.0983192460620496
"cg24336358",0.120992118461384
"cg18026626",-0.13004371432304
"cg03559717",0.207981016051774
"cg03575602",0.145030798684341
"cg05510702",0.16373396890699
"cg09069579",0.143103821485143
"cg00499539",0.167893305534121
"cg17841124",0.15486260329839
"cg05227101",-0.116157744594409
"cg07537739",0.182898575651166
"cg02823530",0.253663520666574
"cg06855137",0.224836957257858
"cg26662308",0.265765079651186
"cg20611272",-0.0913646603207173
"cg02506093",0.186793858265097
"cg14527983",0.294438223834222
"cg02523350",0.193329069372085
"cg24587080",0.155737357917827
"cg13512478",0.262953088375257
"cg25494605",0.226358197116135
"cg14087536",0.181678770577126
"cg07062764",0.236126717934536
"cg04997772",-0.0740061294331464
"cg15670214",0.0835021459251094
"cg12581970",0.249332146305247
"cg15587041",0.229084716137691
"cg07479368",0.243844494610327
"cg07880727",-0.0814974058423191
"cg16983055",0.222239299530164
"cg07054502",0.138639378132107
"cg04374632",0.0804494297409308
"cg21687300",0.197354301788743
"cg06748889",0.150914680352449
"cg16580762",-0.093621539868399
"cg03383434",0.160677231786814
"cg11909467",0.223904250778559
"cg21415304",0.162713535247577
"cg17789565",0.161986862089791
"cg04689697",0.257988977275866
"cg00582562",0.244536313504607
"cg14576436",-0.186634587092536
"cg04049033",0.196593320842047
"cg12938694",-0.090445562064816
"cg10359480",-0.16680438447915
"cg26301185",0.143280128580793
"cg19092708",0.216449960152193
"cg20880837",0.192778796169003
"cg26140475",-0.158885778089272
"cg14886850",-0.0885444269173029
"cg21604944",0.274633707703279
"cg04037585",0.192481723662564
"cg09716933",0.183915915106086
"cg16068104",0.285474063945998
"cg26573786",0.161447846801408
"cg03272119",0.182406704735097
"cg02926868",0.261210743775512
"cg19441331",0.233581580046959
"cg01337514",0.15758914334288
"cg10759532",-0.163588854833527
"cg19563248",0.178152984702675
"cg19618438",0.237257768786619
"cg13366470",0.159644492804069
"cg03187190",0.17731867189315
"cg11299471",0.299942168425587
"cg23635546",0.156179385389098
"cg03445287",0.0959348441960624
"cg05554151",0.23135511970027
"cg01998099",0.163532939655289
"cg18504143",-0.0883099430521255
"cg21001780",0.14526883971393
"cg21272882",0.239905420905074
"cg25383629",0.14918316464486
"cg16900725",-0.152472334862651
"cg15058869",0.210779557715526
"cg27625456",-0.275230967034709
"cg15559110",-0.0369216691862526
"cg04739880",-0.0952831959684497
"cg02424926",0.148402553980352
"cg03682766",0.175599327772766
"cg10589408",-0.0764273729602315
"cg25913833",-0.148711397150994
"cg00155777",-0.137976148114694
"cg05336904",-0.137529914748135
"cg18064947",0.177790823476473
"cg19621460",-0.120522616245793
"cg12237227",0.253917893797621
"cg06655414",0.168905233856885
"cg17310976",0.195296241210892
"cg16999482",0.188963829373934
"cg08190384",-0.135162839283685
"cg26875775",0.159125228767423
"cg21621660",-0.0719058790806807
"cg10227617",-0.0635621769572031
"cg13343837",-0.116859298384735
"cg13211380",-0.0748215065240476
"cg14962610",0.239283116561674
"cg12635499",0.141994356838195
"cg25247976",0.153854869919154
"cg17238493",0.196810787121327
"cg10578569",0.194000179405581
"cg21932416",-0.10832643181208
"cg10054569",0.213769133118172
"cg01337339",-0.128185030836143
"cg01761763",0.17860936946515
"cg17401808",0.306440419645721
"cg21864406",0.231189454102628
"cg21295012",0.128335150715627
"cg16655445",0.14007959874052
"cg21507671",0.282051228247924
"cg05364139",-0.107425855068908
"cg05561193",-0.195591819100739
"cg03887378",0.278849879337848
"cg16175124",0.206420650774651
"cg05398036",-0.147501735026166
"cg16397970",0.158558894577351
"cg24771898",0.289042436729762
"cg00925436",0.190633858123003
"cg20093813",-0.224556433966529
"cg00446055",0.310284835054145
"cg21667960",0.165043527657991
"cg01929314",0.201672537940687
"cg24254842",-0.138563595717986
"cg07794221",0.157001942605415
"cg26949668",0.264453026825469
"cg26862316",-0.0838008642264423
"cg25746467",0.153323821314835
"cg03721109",0.165728945070759
"cg24644196",-0.141852697928071
"cg13110461",-0.0381250089482266
"cg00765035",0.177403298466937
"cg27458168",0.110826363701165
"cg19422250",0.188522588284687
"cg25354776",0.285391792192313
"cg11403352",0.116434226496535
"cg08856163",0.172903143088638
"cg01673856",-0.170555705890055
"cg23242220",-0.126535269619422
"cg16688899",0.209802715335578
"cg12325755",0.16834956426888
"cg04152478",-0.234036033480346
"cg14093792",0.167855806388343
"cg08914150",0.31388990013295
"cg04194038",0.201800630943144
"cg21601160",0.177175947614802
"cg05523839",0.175538625137261
"cg09839552",-0.116887688988122
"cg13918586",0.163288974793777
"cg18560264",0.205182104226049
"cg15237702",0.153575981947528
"cg02889774",0.19359501447361
"cg15575696",0.162604390344885
"cg23773868",0.302918966182371
"cg25640382",0.219356353456048
"cg13701954",0.1937419631886
"cg10553983",0.243546808588973
"cg16163535",0.28749985674906
"cg10497909",0.158567245886212
"cg12296219",0.311578258759761
"cg20339840",-0.169752128964797
"cg05797097",-0.0950614870696384
"cg10099795",-0.10234241066705
"cg24260327",0.185866608404155
"cg02549628",0.178627234542038
"cg08482307",0.113986195544942
"cg05880730",0.182362312832858
"cg18495710",0.119230746137567
"cg23567774",-0.150968334592333
"cg20856761",0.188790080672321
"cg13999304",-0.147237623723618
"cg02754477",0.258256989175058
"cg25804542",-0.148732732780322
"cg18871861",0.133344489148622
"cg26900755",0.166999445685032
"cg11177743",0.242604684756895
"cg11639651",0.196062407279945
"cg14885781",-0.103515449678894
"cg10497231",-0.235873654433266
"cg02255986",0.183873308687105
"cg03071245",-0.0701405947830944
"cg24301112",0.229576521533747
"cg16494108",-0.0856440864179062
"cg26040708",0.226930937857465
"cg19518666",-0.270636765512576
"cg24708279",0.102566296177132
"cg17032138",0.325447947636472
"cg27079341",0.220397162301705
"cg25483530",-0.170606467498341
"cg13597037",0.103984629720077
"cg06219383",0.199065719049673
"cg06624991",0.191646991752413
"cg13789859",0.181185243365013
"cg03971994",0.15326140642896
"cg09142559",0.223060828855209
"cg05486094",0.103736779320573
"cg06815523",0.110518987733918
"cg19261974",-0.100592021639149
"cg00118137",0.227782577638322
"cg13808141",0.197435654671137
"cg27532718",0.112040402441806
"cg10921363",0.218494290537427
"cg15154178",0.183917537784371
"cg02389040",0.0675540397888246
"cg11780295",0.160996780756251
"cg25164204",0.126407376666495
"cg12798649",0.205060886589408
"cg09822636",-0.17974851483771
"cg19013695",-0.208768873722257
"cg13938231",0.202450610681875
"cg22601415",0.280069864056931
"cg08961196",0.234159225518981
"cg06066138",0.274604134671299
"cg01675482",0.199291270458801
"cg03412618",-0.0899072915669814
"cg24305599",-0.136073724862474
"cg19250113",0.195076839007688
"cg06412210",0.0943794064541628
"cg20782117",-0.21781843467865
"cg06497721",0.205504268135388
"cg08516535",0.186128859412891
"cg19715094",0.193990581988956
"cg15768753",0.199011853449004
"cg08258867",0.180682713719818
"cg20563852",0.269344544234266
"cg05517526",0.152868263127959
"cg20449726",0.143561111779969
"cg21871232",0.192847505070838
"cg12683946",0.148171456227411
"cg00405713",0.267077698565248
"cg25879514",0.256167269198539
"cg23010629",-0.0524174805955431
"cg08382934",0.148145537170396
"cg07744832",0.22288942616847
"cg17495555",0.193838987706418
"cg04687081",0.232186377506016
"cg05729566",0.226094973625862
"cg20527746",0.145250650341899
"cg09495470",0.172704942675496
"cg16178786",0.156926430129357
"cg11656552",-0.108680954107861
"cg20712415",-0.129390527302172
"cg18309955",-0.0751274314499993
"cg02880356",0.182834021971937
"cg26986064",0.223774131613551
"cg16068823",-0.0794177188431588
"cg12960583",0.180544782213395
"cg26869417",0.123155061827011
"cg11455423",0.174328218925072
"cg04909257",0.116668422595852
"cg00979661",0.152827822109399
"cg01184401",0.20471637123029
"cg23093870",0.165471963054358
"cg16558923",0.220429494814149
"cg13427421",0.180278286860063
"cg16700555",0.181159374442641
"cg07318118",0.178248946668489
"cg01695083",0.20794013060113
"cg06217960",0.253404071065377
"cg13637910",0.279570313845151
"cg17137426",0.210882839183413
"cg26426732",0.268646282408501
"cg27488095",0.126378184615
"cg08646758",0.302908185966003
"cg09635617",0.113628301326156
"cg26525121",0.250285948773701
"cg22686277",0.298764286656067
"cg09097210",-0.123386769082554
"cg22175781",0.232634686223997
"cg09801828",0.205912950085718
"cg18006990",-0.144655302487888
"cg01397463",0.116192029995963
"cg19441462",0.16811138147777
"cg22928365",0.15017481555392
"cg09357693",-0.0942350871818007
"cg16565154",0.194604835519681
"cg07604057",0.274902605819661
"cg16035842",0.229538692562517
"cg22801690",0.179167917337916
"cg09420584",0.180191781704927
"cg09701629",0.246121627143807
"cg05193970",0.253732646200626
"cg12856377",-0.0491713411681486
"cg16084133",0.210225329452584
"cg25702579",0.321537266689233
"cg22918127",0.166619087046362
"cg27217218",0.222260241163443
"cg06758746",0.257444001734151
"cg10487869",0.178622237454072
"cg01635280",0.216080213753605
"cg14677004",0.229285054232677
"cg06945813",0.275215459322357
"cg24099140",-0.197242417114737
"cg23948016",-0.112242620159897
"cg12945723",-0.134244059718563
"cg18251761",0.201265579485598
"cg00530757",0.132718726479874
"cg19174856",-0.0315047108143922
"cg12470768",-0.0408642443106264
"cg13902037",-0.129897961214431
"cg01023920",0.211423312372231
"cg15468589",0.2257357988471
"cg24238929",0.261996354193165
"cg24502330",-0.13041577205587
"cg04193065",-0.207521370644563
"cg19519073",0.0995745860136138
"cg04398539",0.222272482324394
"cg11617006",0.24217651651126
"cg06656724",0.21783465080118
"cg25991571",0.123954182803763
"cg24100803",-0.144732593642176
"cg07480840",0.24690674507367
"cg24110914",0.136008088240042
"cg08609163",0.112278044076545
"cg03366992",0.15140277264105
"cg21902327",0.160956452832393
"cg08765585",0.144197133535585
"cg21626402",0.180356335848367
"cg15516671",-0.17582119603065
"cg13759686",-0.183030018043249
"cg24260019",0.161309372895325
"cg08556700",-0.108211349832136
"cg03136023",0.171482124525245
"cg09535618",0.148386877239908
"cg05163933",0.16050231666576
"cg14461099",0.213517880552592
"cg11846636",0.186404761940802
"cg13979085",0.183395684977023
"cg08641881",0.171520931694544
"cg11555385",0.158567466504034
"cg00531791",0.121241976848289
"cg11334241",0.233932092921035
"cg26702351",0.201202902454036
"cg04471171",-0.15943933135362
"cg23516372",0.195515996683524
"cg27322612",-0.105743602442503
"cg25769043",0.199628764344494
"cg14256511",0.132989338417056
"cg26768556",0.157920626017474
"cg26931601",-0.0934760392393535
"cg06401950",0.210116594130274
"cg12206501",0.224425563327264
"cg24116351",0.17910846378374
"cg27317179",0.150547777899874
"cg20162504",-0.109543254269989
"cg14586626",0.23231387539045
"cg17457912",0.099685979265454
"cg22512779",0.151593799159441
"cg23081026",-0.103247961017909
"cg13030332",-0.0634325485272985
"cg10845890",0.268584337582631
"cg24835845",0.165063617837356
"cg13480773",0.163107037949084
"cg07302934",0.227790912447443
"cg19210893",-0.0414929420103291
"cg11857548",0.145065678689299
"cg26456404",0.178342997320575
"cg04418299",-0.288071767636172
"cg21208040",0.219478751949159
"cg26241863",-0.0887149626302822
"cg01286434",0.121037516263687
"cg19855622",-0.112136262222254
"cg09658052",0.230155849796874
"cg24636795",-0.038797274155039
"cg05021649",0.204367981936402
"cg24803202",0.19975830860717
"cg10319829",0.157888787592727
"cg03881418",-0.117745731297535
"cg27430693",0.201700319936621
"cg06202544",0.157555791147685
"cg04192155",0.240524604618214
"cg14601280",0.235176858213868
"cg11576408",0.172799684549107
"cg19091779",0.238235693392928
"cg13289993",-0.0671553056345221
"cg07609206",0.372320047127885
"cg01713740",0.199871238481137
"cg06134364",0.248827956517774
"cg10933988",0.232391636664074
"cg14403410",0.212676738947257
"cg18549946",0.238562417575557
"cg11465057",0.237178946435877
"cg14028166",0.292359666524381
"cg23628010",0.248944896064041
"cg13949877",0.18092928023161
"cg06986158",-0.0734080209791678
"cg18533527",0.169121828744534
"cg05410587",0.199014968856366
"cg02668843",0.0419527970160498
"cg13632739",0.144412596315481
"cg03641958",0.238354076176522
"cg08871282",0.221052997258752
"cg10554126",0.220197209283814
"cg10787596",-0.33214183186442
"cg01352212",-0.126431130492826
"cg26745471",0.148307132677069
"cg21131115",0.203390700588366
"cg22889757",-0.0991088187902532
"cg09856696",0.171840099911486
"cg22187085",0.196801822503498
"cg15081500",0.2486026663653
"cg22867984",0.0724423278477682
"cg06825518",0.15865805108053
"cg03342417",0.147386774734597
"cg00278359",-0.136326504265688
"cg12361076",0.144163159292047
"cg17636033",0.218912583552938
"cg13417544",0.128433505610417
"cg24310959",-0.165974321133403
"cg07697177",0.246478811807815
"cg11682700",0.127975202787813
"cg14856563",-0.415533721580922
"cg04537173",-0.1287425042102
"cg09782763",-0.109601522681434
"cg01892772",0.199348673975541
"cg26597485",0.205383189668582
"cg02626498",-0.0543296038906377
"cg19714950",-0.0788931259681533
"cg25198340",0.119689093563596
"cg20073327",0.203927864325661
"cg14889387",-0.0877009538878672
"cg01991752",-0.105185304970262
"cg04676245",0.248136113852903
"cg13707005",0.179022149768495
"cg17751510",0.100052681472769
"cg10256045",0.275450232018676
"cg04295702",0.150290081564534
"cg03550138",-0.185687548948077
"cg13685330",0.122647649698945
"cg06897636",0.207876711647939
"cg04379348",-0.194061053483082
"cg13117953",0.19245702402297
"cg17984293",0.198799586914234
"cg24071676",0.225439085933379
"cg27164152",-0.170624046620327
"cg26319873",0.204629894212217
"cg19437852",0.238273702813871
"cg09726198",0.19166781110321
"cg03924136",0.278674945289048
"cg16520191",0.19837999277039
"cg17932753",0.265448746664733
"cg12764843",0.222412291810214
"cg01616753",0.168479734384195
"cg23965481",-0.198192583520169
"cg12071474",0.164021397644229
"cg19539004",0.172362433223736
"cg11506453",0.277526565186374
"cg26882410",0.221946761247606
"cg15384945",-0.107996329952685
"cg10334778",-0.257901375988262
"cg02228774",0.225862181792914
"cg06354193",0.213383923856331
"cg11924238",0.227924767348724
"cg11908699",0.145940433991021
"cg13377224",0.249253201194006
"cg02374207",0.23290327053269
"cg12184937",0.374810687383843
"cg16444840",0.172608604703246
"cg23510527",0.226464451134004
"cg19582634",0.244812021143775
"cg23111696",0.203895873370633
"cg13475877",-0.132240081504028
"cg09503219",0.211691760467429
"cg14247575",0.124416417639268
"cg21571135",0.192512592159616
"cg09831748",-0.158078988386936
"cg16709403",0.183500457921534
"cg18634506",0.169243079422756
"cg21432334",0.151269041849484
"cg03416917",-0.0792684765067484
"cg09556279",0.227720050732511
"cg11323255",0.145588736937327
"cg04839706",0.163825990775653
"cg14463446",0.300774477395337
"cg12920464",0.201770077177768
"cg12647227",0.205736161741164
"cg22378874",-0.125524910660722
"cg22992099",0.150175338082076
"cg12880172",0.221568831080452
"cg00722323",0.180076474865932
"cg23988892",0.157354488097134
"cg25458727",0.14044166578451
"cg03858720",0.220248708137491
"cg12819536",0.217805619129216
"cg02123631",0.221763441530947
"cg27393610",0.191756210180951
"cg08885614",0.116633533071884
"cg10036013",0.0562672159456067
"cg00386141",0.0854170841617643
"cg06916404",0.143063516281192
"cg09728392",-0.115306113651425
"cg18409839",0.132382722632645
"cg23661013",0.177096000139604
"cg10469297",0.287148858309597
"cg06841832",0.145420593674341
"cg01363095",0.15969191412267
"cg01800262",0.279024455210621
"cg01287361",0.252567808455651
"cg07531549",-0.0769821448187241
"cg23379470",0.249205104297772
"cg00920423",0.169697401861518
"cg00688591",0.181569467249054
"cg25104066",0.345636163277239
"cg02150060",0.179527053886687
"cg00799254",-0.124675448700256
"cg12760625",0.0910838919262272
"cg07113288",0.162298252881529
"cg26403455",0.115415121689009
"cg21625570",0.135186153208788
"cg21268984",-0.176251060218979
"cg07304680",0.2438621783851
"cg00734532",-0.0412413454794668
"cg17695856",0.292790614073332
"cg13369488",-0.0900825436785667
"cg07560586",0.158184724658313
"cg07167396",0.191477975995235
"cg02899425",0.283233096346292
"cg10215441",-0.174516908027881
"cg08936231",-0.11939614795858
"cg09462207",-0.0743316559452265
"cg15071405",0.242624799985258
"cg17754769",0.226897175133729
"cg16620673",-0.0884682879029521
"cg16743323",0.108189689593593
"cg17659212",0.167898275851504
"cg10547843",0.237816830650931
"cg20911004",0.201461837404862
"cg00589493",0.213546718403015
"cg05806455",0.132486907029075
"cg16550822",0.191774374365921
"cg26017679",0.250013291841929
"cg00058291",0.261142560234008
"cg07817393",0.255376810098998
"cg24974495",0.183890734395366
"cg27256979",0.108620808618888
"cg06216327",-0.0750785972746505
"cg01768814",-0.14169722158866
"cg10756719",0.304887278828003
"cg10439431",-0.142441888157105
"cg06594879",-0.121657460499956
"cg04934326",-0.143714044553048
"cg01645815",0.230210634228884
"cg09710987",-0.137080718797138
"cg02051325",-0.0803839320574637
"cg07687608",0.239060294041
"cg05617027",0.231676286208983
"cg26123647",-0.102185477237831
"cg02391982",0.202342683897292
"cg25569999",0.209587858917766
"cg25282723",0.136569441414014
"cg10380934",0.187383426314097
"cg14933993",0.316625499071446
"cg19027424",-0.071999317269814
"cg20815778",0.11444770772579
"cg17749374",0.179638278001012
"cg23832439",0.199293136920405
"cg16405455",-0.0680787455373314
"cg07645296",0.116515295216864
"cg17695537",-0.118246728636884
"cg11143876",0.187572086497905
"cg19440115",0.189343374878715
"cg07012243",0.223391176259611
"cg06716084",0.208039468023121
"cg24826610",0.231442390624732
"cg00887936",-0.131138386354819
"cg04402575",0.160255639819402
"cg26534812",0.168604509838981
"cg00904548",0.159935190454688
"cg06780308",0.197990039738194
"cg13578841",0.202285213288474
"cg19057304",0.124710241779182
"cg01141891",0.271383713791915
"cg27426267",-0.12990518545975
"cg11722504",-0.121570361872442
"cg17265898",-0.133157504039383
"cg16766576",0.240484563166501
"cg04244171",-0.0767361769984376
"cg25724460",0.170416308614081
"cg23222808",-0.14423642095372
"cg24452169",0.156495863931437
"cg09489811",0.0745902624634829
"cg21347412",0.270918751437263
"cg01076059",-0.120975103284754
"cg10170306",-0.156519404342633
"cg09854092",-0.0856980399010494
"cg00811701",-0.119403253122153
"cg10918326",0.168678505300262
"cg13241889",0.24077084243866
"cg02242527",0.187646219997522
"cg26853487",0.181165941814557
"cg14851204",0.265745186624685
"cg11521353",0.114856302734576
"cg01106056",0.233668713385681
"cg06878499",-0.107635150121063
"cg13390503",0.274647968481981
"cg12832418",-0.252720155641778
"cg20401985",-0.208543272396655
"cg04641947",0.134769253673809
"cg01724319",0.291766124075713
"cg12509026",0.20698488416516
"cg27601695",0.106729575552639
"cg11644370",0.172914254253648
"cg20700386",0.234142513864234
"cg11835024",0.141727962328371
"cg21289714",0.204137783552265
"cg14754556",0.185973866265463
"cg23270523",-0.110743662771967
"cg09785228",0.234481788009585
"cg26122129",0.299623384700621
"cg07448015",0.230634521904716
"cg25784359",0.200050815409111
"cg18425140",-0.0369947174499066
"cg09493701",0.172480510237023
"cg07997221",0.28822935167221
"cg04576058",0.196155608441508
"cg03451072",0.326067604334314
"cg27485152",0.358759798690467
"cg01770400",0.28600196464139
"cg06685760",0.294265775861768
"cg23925173",-0.072827702211759
"cg21618852",0.225607262807978
"cg05876737",-0.12778046470752
"cg16286874",-0.143690312562452
"cg22364973",0.164775905471079
"cg26149550",-0.0842238797586914
"cg16478279",0.150403707623346
"cg12520140",0.166131708845855
"cg19347751",0.0976743373053217
"cg04735370",0.173308573543729
"cg11501873",0.244145588707733
"cg16764781",-0.110223111218506
"cg16014852",0.173695378936892
"cg05107149",0.226033335465527
"cg26551412",-0.135877766663178
"cg14744604",0.226133696365399
"cg23515223",0.219388832588804
"cg04790755",0.125991889320039
"cg19757422",0.24734632945204
"cg10900572",-0.0867882844753795
"cg22197205",0.227698973242486
"cg18523477",0.112484868335763
"cg05881146",0.23122443925757
"cg04970744",0.278037610689356
"cg20675009",0.314875648080741
"cg26974062",-0.270099222121564
"cg01996459",0.197200828121109
"cg23114115",0.177700805612962
"cg03111964",0.207545603689939
"cg24874425",-0.133901605919926
"cg21785010",0.290763372299036
"cg13603651",0.18290952842893
"cg02971209",-0.141804624456552
"cg06878787",0.329238167510234
"cg11183991",0.171080211278285
"cg05523897",0.0544202861930448
"cg19217142",0.23092905390068
"cg10555106",0.161841150481361
"cg14915244",-0.139749189768368
"cg09689338",0.172846408327116
"cg19786648",-0.0917860878718142
"cg05696406",0.231497946297485
"cg03922381",0.195578193803395
"cg12578013",0.242310238171829
"cg14953704",0.195877973397553
"cg14933412",0.26321058947769
"cg27156529",0.189553850468626
"cg24307341",0.150068644139901
"cg22175849",0.13424169168401
"cg10982049",0.185790383205159
"cg13869641",0.210322908589279
"cg03684977",0.158779622696983
"cg09142221",0.255431251184279
"cg06617975",0.157918195520125
"cg07010633",-0.18571011391821
"cg12745003",-0.161051427394767
"cg21575095",0.196428812207849
"cg26462892",0.215695055246504
"cg02914667",0.32699573297294
"cg24412083",0.152407335086302
"cg25409889",0.181825152344101
"cg05246521",0.187880330186026
"cg12549180",0.127539511174813
"cg12493908",0.2234457217057
"cg19453938",-0.196500546114193
"cg08585488",0.125377705028032
"cg14037664",0.175130363691655
"cg03974188",0.143110901907078
"cg01079651",0.162309450085823
"cg04463024",0.197171824628066
"cg16342504",-0.119305199287527
"cg20967220",0.199181971147027
"cg02090950",0.132454290521085
"cg26313188",0.173968642723611
"cg10045024",0.28293734889133
"cg27047671",-0.0425586570997791
"cg22994297",0.124520460066876
"cg16799087",0.159926171217179
"cg19529621",0.176358762836053
"cg08494754",-0.1452873397158
"cg20970286",0.196521704524112
"cg13135288",0.112679179528296
"cg05424799",-0.0881106137116396
"cg01202491",0.148155796333262
"cg26457868",-0.0532230546850926
"cg09970539",0.259947852511643
"cg10648817",-0.149417976082635
"cg00840060",0.206186929505248
"cg06640568",0.222693813974366
"cg09328012",-0.16186070689445
"cg09106231",-0.137976944078643
"cg20434422",-0.0952545030301766
"cg03278811",0.244600745806487
"cg06126055",-0.133060158061148
"cg10722925",0.189270949565134
"cg18962562",0.187563538824234
"cg13232995",0.117790127851435
"cg13854727",0.163686620877945
"cg25570291",-0.113088371167862
"cg04180462",0.143705806071138
"cg11227425",-0.242271625738088
"cg08695376",0.273025756342205
"cg26470958",0.206294582903436
"cg09128612",-0.0642574983813704
"cg05813955",-0.0321794057259597
"cg22111442",0.218271510313334
"cg10016752",0.304858852851351
"cg09463656",0.0492002544873076
"cg04734289",0.203313363446914
"cg07102509",0.142543940851222
"cg09889479",-0.0914422770456342
"cg17836236",0.265713239127728
"cg01219962",0.293792031947935
"cg20822719",0.241579308475988
"cg09035065",0.205891987627951
"cg03287126",0.208863508577588
"cg00361017",0.229238320801794
"cg05595388",0.182594567732496
"cg06235549",-0.130674099759339
"cg10923401",0.176381752709395
"cg08367318",0.242917229683894
"cg10677798",0.163714226397852
"cg20987579",0.0306583620998656
"cg18090331",0.101746455302358
"cg12353571",0.257642142717433
"cg01229337",0.236430488688776
"cg05864876",-0.171763716671658
"cg16644967",-0.150768676932799
"cg08204162",0.144663044065018
"cg17726092",0.270834861571702
"cg04184278",0.157922721064101
"cg12828741",0.162673090547855
"cg09139409",0.142750439804836
"cg20851038",0.0847945021090117
"cg15186771",0.21860144567775
"cg08639497",-0.111354407800218
"cg19947214",0.23208377476645
"cg22093121",-0.102989652573426
"cg12764620",0.33310674274212
"cg17895266",0.124848852888182
"cg14201707",-0.174560428902661
"cg01924518",0.103701539060133
"cg06259351",0.233588222136581
"cg22581874",0.209809432861
"cg20176648",0.144512968609856
"cg21450154",0.131621559653325
"cg00836101",0.278763149942151
"cg19406103",0.163123216100029
"cg19322509",0.15286312512941
"cg26607686",-0.0465935830757268
"cg13117272",0.16989462867936
"cg00166727",0.185798372855222
"cg08388448",0.24919786003268
"cg11547667",0.135873651978845
"cg18307978",0.240353386962043
"cg24890392",0.223492375975863
"cg08842287",0.122727323749916
"cg16806210",0.200144716894399
"cg20352199",0.171136441030765
"cg16236157",0.120705675843012
"cg21709263",0.186497242040342
"cg11444457",0.269200836500566
"cg04445379",0.184219406567198
"cg19986528",0.225416472872951
"cg17863024",-0.054777424245729
"cg21771140",-0.164915754843811
"cg12153399",0.173705665546637
"cg25368728",0.21046192982065
"cg19772199",0.178355979571706
"cg12594502",-0.137022611411556
"cg10677538",0.303018464065195
"cg07321836",0.146705606812662
"cg05357695",0.111878138802391
"cg19737269",0.124394817795885
"cg03044281",0.202865992801837
"cg09605287",0.16410003975004
"cg02006107",0.247341741907514
"cg02689640",0.149092354964021
"cg20936142",0.288338450182473
"cg15385768",0.204875614450598
"cg20583151",0.173919329494658
"cg23756265",0.241860576199746
"cg13875151",0.119136201101712
"cg20921659",0.235079058741698
"cg05193757",0.206912149421186
"cg01566584",0.16784998134758
"cg11850394",0.191853191682047
"cg27361585",0.273837145459525
"cg05285138",0.163568329767092
"cg01883528",0.257803533349678
"cg00372410",0.226850791357941
"cg09378573",0.193222315470293
"cg13864651",0.137867319572222
"cg02038418",0.183072382240861
"cg06311139",0.118159952961462
"cg15646741",-0.0636425537944515
"cg17841473",0.193720810930467
"cg26953862",0.194257536276001
"cg08847681",0.216952781096887
"cg09463453",-0.159489602016281
"cg04201367",0.249890173088203
"cg11140679",0.239809699324898
"cg23916646",0.119577022060238
"cg19549270",0.139880593249563
"cg20889445",0.312573655905454
"cg22322381",0.363942961745135
"cg26052885",0.171504448990053
"cg17822706",-0.130905831574344
"cg17820345",-0.176546362569831
"cg07986666",0.198846128426172
"cg26906610",-0.0674216747022393
"cg20090883",0.117083066861023
"cg24937582",0.151923648663273
"cg05324597",0.134854900123639
"cg12444076",0.193577036688007
"cg27443408",0.202894282329331
"cg10837229",-0.221978274107302
"cg16115440",0.0420657296042425
"cg27596068",0.231258280361694
"cg03721978",-0.145053937853768
"cg07939354",0.231339080081923
"cg10969521",-0.20417530268968
"cg19018049",0.220296462493083
"cg25995289",0.225086124677086
"cg24600701",0.178061783279514
"cg00700214",0.119790888620214
"cg06863878",-0.0687010399267844
"cg27454956",0.169887376501831
"cg17034091",0.0803525020923396
"cg07464471",0.206940029048912
"cg06869171",-0.139386873196284
"cg04132256",-0.110584277209064
"cg20837149",0.213263296332709
"cg13999669",0.175017220249544
"cg04377132",0.162113203553488
"cg27512504",0.125292463515534
"cg08372085",0.14505281511136
"cg27348461",0.155612526892214
"cg03752935",-0.135659764438982
"cg09156714",-0.177162048934173
"cg11645306",0.0861056505752014
"cg26825650",0.10277398810364
"cg04860561",0.133734268658617
"cg22262642",0.161720645257795
"cg23651088",0.242987714075718
"cg18595324",0.170711115054922
"cg07170711",0.202402898131293
"cg04266019",-0.155969174467044
"cg01616349",0.144976251654733
"cg23461741",0.257634741132862
"cg10677959",-0.0530355250730064
"cg05332272",0.117589500786335
"cg26514793",-0.093360974491411
"cg05506971",-0.101161576572228
"cg14842788",-0.191884696802666
"cg07091793",0.235299567748052
"cg25420952",0.252950978419974
"cg15801751",0.164060608559378
"cg23782224",0.200453198317142
"cg15298607",0.1450346633436
"cg01466031",0.197460245604692
"cg11976131",0.176248593153657
"cg23879308",0.138876056507604
"cg01188914",-0.123830736059157
"cg18365534",0.154822367818832
"cg15996947",0.0739917907434603
"cg22305706",0.213406686569722
"cg16111829",0.277948587670548
"cg18156115",0.236099784781178
"cg05080322",0.15835011783092
"cg10025865",0.167361144389366
"cg07335120",0.160602506781679
"cg00293644",0.212740414882152
"cg12643614",-0.11443573006471
"cg21853021",-0.273309591937014
"cg04547580",0.26308807448266
"cg05118735",0.208057978964335
"cg03801404",-0.214093232105711
"cg05854892",0.211564603960229
"cg11243561",-0.182681319934323
"cg16463196",0.192422322705517
"cg21512174",0.200083080651362
"cg06501407",0.206611180659503
"cg17463527",0.257214856363563
"cg23740281",-0.132258725044594
"cg01028964",-0.148608625050818
"cg16504656",0.248910124998532
"cg20285594",-0.067091679200089
"cg12766785",0.0983408905096256
"cg07367302",0.130388062409851
"cg12655879",0.242771010620043
"cg14849597",-0.12306401952323
"cg05342469",0.203984728410637
"cg21664983",0.252336023671183
"cg26833175",0.154265887126312
"cg07198997",0.121791326494969
"cg11597754",-0.0868550083141588
"cg24312386",0.231731430520297
"cg13409337",0.25165285341838
"cg26144594",0.139032612975132
"cg06306791",0.100670422392442
"cg04330122",0.173453689861669
"cg21945520",-0.142497306586355
"cg12901917",0.174136053413278
"cg00162104",0.24436017817876
"cg20085261",-0.092661236393791
"cg00680389",0.178445923139979
"cg03079637",0.16669551727459
"cg18046522",0.0775149418030732
"cg20059312",0.342853503435788
"cg16057048",0.249568894029023
"cg13077752",0.199897617744047
"cg14383952",0.248766219197991
"cg15556277",0.200680726215489
"cg14356220",0.281658256634712
"cg27584567",0.313293164346104
"cg03163262",0.228134583873033
"cg24918570",0.244330331348982
"cg16713727",0.229094320785406
"cg20372755",0.174350049908673
"cg15146200",-0.127441834561463
"cg16538728",0.106337316771687
"cg18950353",0.22722638598108
"cg08250031",0.234891933328042
"cg01556846",-0.135993358417234
"cg05811998",-0.107195280657875
"cg08282118",-0.0978586080348107
"cg10342261",-0.114972800999316
"cg19750028",0.190691462328611
"cg00573124",0.13617621363261
"cg15733668",0.208663342299648
"cg00205501",-0.0641317623985846
"cg07942920",0.19441861272861
"cg18324392",0.1501163556344
"cg19680363",0.208845948330554
"cg24209045",0.200995658732491
"cg00264528",0.19132352141824
"cg03900981",0.159173687564156
"cg23389013",0.103969977904261
"cg06894585",0.24259364921762
"cg27202475",0.115089049427924
"cg21467684",-0.144469106588439
"cg18128212",0.232238643160805
"cg04723137",0.324137458627074
"cg15492921",0.115782025100737
"cg19381811",-0.205068410254656
"cg14333565",0.230675955096259
"cg25470966",-0.0852535368336051
"cg25060589",0.222189622270177
"cg01990102",-0.143066883054223
"cg20445283",0.168861848387248
"cg17858697",0.290970712050752
"cg12506999",-0.0326120352111794
"cg26707718",0.212416152775159
"cg14813279",0.232450070848314
"cg02184744",0.252747607642079
"cg17535559",-0.231179199132637
"cg25971170",0.311052717648675
"cg04778099",0.175709942600432
"cg10301852",-0.0739402389155486
"cg12648893",0.264837133402952
"cg05829104",-0.0419818255269691
"cg07578119",-0.103143564079496
"cg24294884",0.23528804076789
"cg24617176",0.106412141239334
"cg02871568",0.243438304383812
"cg14647498",0.187829117535625
"cg11680908",0.191115371868372
"cg09672032",-0.125952668319037
"cg26738437",0.179133768552662
"cg22316451",0.168766881292432
"cg25304816",-0.189627527448162
"cg12061062",0.198627066164219
"cg26213438",0.196796856432945
"cg21423557",0.199373126076776
"cg07424889",0.24046999737394
"cg14609668",0.167353600018995
"cg08498542",-0.153799908238388
"cg23398131",-0.0579714177899479
"cg05583717",0.0654748839668866
"cg15236696",-0.0911919659966184
"cg06287667",-0.139741501555775
"cg12124722",0.229357472450168
"cg22697359",-0.161665405936557
"cg06453912",0.170259646519053
"cg08804406",0.271107965805725
"cg07019315",-0.126318411886321
"cg10699397",0.221418507537392
"cg00463957",0.239360507262648
"cg14605964",0.289016361073744
"cg07723659",-0.122380759193418
"cg17142134",0.204824516558979
"cg00084184",0.214207318164527
"cg06638451",-0.211569884824892
"cg04966191",-0.069010173452499
"cg01744202",-0.0749171761636673
"cg20555562",0.193318414759357
"cg18419977",-0.18232319506525
"cg10344492",0.274896939238291
"cg14844771",0.162045750848741
"cg00342737",0.234706322502659
"cg03860252",0.180364060000139
"cg10720080",0.194317622687484
"cg14929130",0.188731826013367
"cg01706991",0.119848232347371
"cg26318560",0.249549460910274
"cg25237396",-0.137470102069128
"cg26378616",0.22913472115166
"cg22902998",-0.0418109548422004
"cg06657543",0.166894509311026
"cg10022067",0.294994158543506
"cg22858595",0.158141737775034
"cg07838483",0.152402466871577
"cg19339311",0.16735830607731
"cg07741193",0.166078346620058
"cg26318206",0.217199657130992
"cg13709043",0.168524797750488
"cg00695198",0.191757695546302
"cg00431655",0.188179153095491
"cg14326739",-0.100924235924709
"cg10179196",0.0562657218812289
"cg03561787",0.193438474079622
"cg27240652",-0.137609993439399
"cg00980279",-0.0567553047276227
"cg04315692",0.108176159703967
"cg18055288",0.211886820592884
"cg03770138",-0.131075835350148
"cg27029623",0.149725725566574
"cg19821841",0.168376864139558
"cg16512059",0.139155505377424
"cg05843596",0.369465780776147
"cg01189606",0.197208840713172
"cg14149893",0.156898118185009
"cg05510104",0.134708580237686
"cg19410870",0.255647631426406
"cg11611097",-0.110148527738441
"cg01528488",0.204811628585333
"cg01809170",0.104432274555273
"cg01219010",0.149627496507026
"cg23037321",-0.276280003851689
"cg16170467",0.187917224231841
"cg22326328",-0.13069577741884
"cg13928868",-0.123552058731596
"cg18640444",-0.149771887880273
"cg13445486",-0.121853808602199
"cg20017304",0.187713496679449
"cg04221226",0.0748232894139441
"cg08817610",0.127456361299719
"cg00838415",0.168899902142015
"cg15417798",-0.0987669038683603
"cg03108347",0.137058810736397
"cg20237888",0.220931779920267
"cg05810129",-0.10360433903405
"cg17510605",0.026216981053863
"cg15886157",0.18938114992513
"cg09326795",-0.0580126879139247
"cg23613199",0.173139749179989
"cg02249841",0.187420152922303
"cg12315900",0.232587618877694
"cg20960392",0.220280364256212
"cg16187971",0.207350659716518
"cg27435529",0.215389945949143
"cg14705827",0.0925596543639937
"cg01943179",0.220036092503984
"cg26311501",-0.158456637195864
"cg00045592",-0.0493304684786025
"cg03731464",0.0671454335034717
"cg05096452",0.158674477729468
"cg25331431",-0.180456968606271
"cg18493242",-0.188877812807822
"cg08287985",0.238847245890903
"cg26555453",0.168016396794445
"cg18146964",0.278518870442117
"cg06225294",0.106726603363495
"cg07102919",0.262451880906484
"cg11692194",-0.0872156362569111
"cg12854020",0.201593857849156
"cg02819893",0.177411387007271
"cg00559177",0.0972973021019718
"cg15003548",0.245938290591952
"cg22795661",0.147514843304423
"cg09596039",0.242293305556525
"cg26117613",0.170890805323598
"cg15966757",0.212264963126078
"cg05864370",0.148745618705978
"cg17757516",0.199448504166681
"cg06394615",0.135814479231495
"cg09327274",-0.20328035656007
"cg15160492",-0.10503803480255
"cg07659539",0.216752962462735
"cg05796981",-0.102135379662164
"cg16158575",0.162845992333525
"cg16781875",0.164574471949797
"cg01574390",0.138073622785936
"cg03809859",-0.139770491547291
"cg07109796",-0.10527845975813
"cg08019185",0.12330038259195
"cg07095347",0.13825579418732
"cg05052927",0.202935977046072
"cg23799313",0.113831854972471
"cg09318122",0.164643614562514
"cg00083659",-0.109067856411983
"cg01879723",0.129036030662992
"cg21310260",0.240620244104289
"cg12327253",0.204937332610195
"cg05495391",0.169345905917243
"cg23155053",0.293265499906816
"cg01021952",0.155862560905537
"cg15917410",0.178969159311241
"cg16943019",0.225139445097108
"cg17064090",-0.169530659642045
"cg24541279",0.0407792639609658
"cg06716698",0.173650833222837
"cg10099209",0.183951259742472
"cg26978396",0.169977343830016
"cg19990316",-0.0713862552446428
"cg26393782",-0.0671269382233796
"cg25729562",0.212074371427646
"cg23655624",-0.0912452448967786
"cg07726584",-0.241295656396359
"cg09513647",0.183950199697206
"cg24748575",0.184769346159246
"cg23835821",-0.130285691053046
"cg07037963",0.118838749993371
"cg17471425",-0.148799983804854
"cg02827739",0.166038039971259
"cg16370701",0.215604020506121
"cg01910033",0.0859300239685452
"cg20099684",0.193145485491435
"cg01143068",-0.07421160313698
"cg06732727",0.212351290036379
"cg07034329",-0.219982740726664
"cg02216566",0.192663115381585
"cg24434367",0.151879259220676
"cg12854167",0.264553425667254
"cg14731044",0.132134406965864
"cg22417480",0.301543356416427
"cg13623528",-0.172002829405558
"cg15578013",0.222382037822011
"cg02534417",0.212488196349296
"cg03076945",0.176512689526182
"cg09546802",0.237918301877629
"cg09974332",0.211489685857718
"cg17018349",0.144951229925093
"cg14027641",0.18708256784219
"cg15611278",0.285985598342882
"cg15285513",-0.207142032267264
"cg23837691",0.231228323102471
"cg00155198",0.138047764123942
"cg16872595",-0.133894651371308
"cg24055525",0.237407146178297
"cg01467417",-0.11497690608205
"cg26124727",0.0520520859338407
"cg26772116",0.131437768817157
"cg11503104",0.173699342999147
"cg05356183",0.151904647249143
"cg09306064",0.210080469955796
"cg22439814",0.21688420772984
"cg06100324",0.120946499881645
"cg10330955",0.15989556846086
"cg13699963",-0.13610056062508
"cg20498834",0.195852404164489
"cg02211976",0.267083996535053
"cg25042436",-0.134216717673859
"cg00561527",0.270406314316811
"cg04924375",-0.139230557628169
"cg20829955",-0.143330845382298
"cg00582708",-0.189146223006863
"cg04198210",0.182857699027569
"cg01475952",0.175899567490724
"cg13812927",0.229282468434517
"cg22806527",0.128679166472124
"cg09245312",0.241717348734634
"cg17904129",0.258771931084099
"cg20928777",-0.0644447790426395
"cg11351987",0.209507102775198
"cg14410198",0.281599388032054
"cg21480319",0.272652547602344
"cg26176001",-0.093565887928256
"cg09811006",-0.22090251227356
"cg23951609",0.262751223353104
"cg27044931",-0.104929939003562
"cg16795263",-0.0985121332875608
"cg06452518",-0.176380127429637
"cg25110782",0.142110717689194
"cg25455724",0.288251850758935
"cg22716663",0.224867647814515
"cg25232510",0.28235162321224
"cg08266168",0.162037877610146
"cg25102842",0.233023449238482
"cg12173921",0.145114680845157
"cg26305294",-0.11706418394824
"cg15994332",0.214434208775111
"cg14181289",-0.0903892010657928
"cg10813333",0.152339534452251
"cg12884378",-0.138602769750093
"cg23190089",-0.215908513428147
"cg10856072",0.312209662783653
"cg06571559",0.247555366155514
"cg09978353",0.278330450625171
"cg12439773",0.195480934928488
"cg14015156",-0.0753655429466946
"cg03443944",0.145259939956514
"cg15741088",0.182115060211749
"cg12806346",0.181408812273672
"cg13156411",0.21892001605126
"cg21297695",-0.154060320956678
"cg07043312",-0.117455203714888
"cg03376089",0.179302286141551
"cg17203794",0.146702956224735
"cg10857427",0.212885936757472
"cg12827830",0.175370566365703
"cg17001172",-0.0958384593944548
"cg23011886",0.269502690215812
"cg22597383",-0.188154871557746
"cg21613099",-0.0725009385689815
"cg15821414",0.141453025819683
"cg25963511",0.193569183367046
"cg01468161",0.132096293408207
"cg09144398",0.161426443235398
"cg25550088",0.240451373047216
"cg08351710",0.149533480968261
"cg07185684",0.150539472686776
"cg21803181",0.0999508715402861
"cg06875670",-0.127573361091869
"cg20420603",0.206734444214914
"cg05103803",0.055030897580991
"cg15734461",0.237624148518146
"cg12790350",0.280016370405518
"cg16161301",0.202189458604092
"cg21920303",-0.0832935830502034
"cg04287484",0.178647255109316
"cg14175535",-0.17859695720249
"cg21518261",0.235393991906908
"cg03451247",0.114575304353007
"cg14737257",0.248053133560282
"cg07733918",0.197408577189558
"cg05863683",0.306768353099353
"cg12692919",0.16730909323877
"cg27311942",0.13648361870226
"cg21340733",0.249528852478297
"cg07580789",0.198389724163685
"cg19907409",0.218791102796686
"cg07523043",0.0872516992396733
"cg01703244",0.234748066121986
"cg26860122",0.233409315518174
"cg16156308",-0.0881713752967136
"cg21318603",0.263659505738516
"cg22600269",-0.112677574011316
"cg24116779",-0.102823672869426
"cg21464258",-0.158278926389693
"cg03097134",-0.0991452393391139
"cg21342383",-0.230605105576807
"cg20970886",0.169984381041397
"cg25116789",0.109560616428969
"cg27508753",0.272279654363647
"cg27263465",0.256862146728206
"cg17296312",-0.127409334084192
"cg14353573",0.206628516300752
"cg21772168",0.221668496689853
"cg05254518",-0.104204747159731
"cg25985583",0.133200585432103
"cg06408776",0.218326150066137
"cg00303301",0.169780632939637
"cg06961687",-0.113896976939992
"cg14756006",0.193541436622234
"cg26082587",0.193346617711635
"cg14219256",-0.137489976391996
"cg10982664",0.273666511193995
"cg14340912",0.313799607445239
"cg05686838",0.169559780812551
"cg12793324",0.227613667725546
"cg19645320",0.208479540007682
"cg11812928",0.13988234711496
"cg11375102",-0.143740988985395
"cg15185470",0.247056728862607
"cg02628316",0.244016053104827
"cg21191726",0.191086439722034
"cg17093198",0.0917359438006326
"cg20617669",0.156716334303948
"cg08704448",0.196853028939524
"cg00898480",0.20987681884028
"cg04369651",0.19102644162719
"cg14619528",0.166636068930738
"cg08937107",-0.122119298244723
"cg07264323",0.161087309629597
"cg08131937",0.224248544257525
"cg17105051",-0.0408992222303666
"cg24662880",-0.103491363373363
"cg09672954",0.204791551736184
"cg02633165",0.144264277201021
"cg04510454",-0.0836674195342222
"cg03838204",0.216820173566082
"cg13236257",0.199696915141073
"cg06219343",0.241909147512541
"cg21448520",0.16372083741908
"cg23884784",-0.0362482564694879
"cg00008364",0.183976538719723
"cg00634576",0.196063866189753
"cg06693488",0.132505537683068
"cg11590974",-0.0247104499740022
"cg16121744",0.141986101394955
"cg07688214",0.319304482322128
"cg24525238",-0.0989766430698394
"cg13408707",0.191787068114293
"cg20569034",0.148701124901909
"cg12430309",0.229448333233764
"cg18882624",0.19143723105168
"cg14567671",-0.100277727855879
"cg11032474",-0.0984186003623845
"cg16646263",0.216871128899733
"cg13658683",0.183211685845187
"cg22024657",0.181419475294351
"cg06906079",0.137407486471788
"cg01269731",0.202076490721124
"cg00845557",0.17548938491438
"cg15631787",0.260824084653587
"cg02891945",-0.0761338576081417
"cg18753296",0.200817563108145
"cg27588356",-0.107872978988728
"cg13132950",0.196531448064703
"cg00715290",-0.0919434092734767
"cg07896438",0.0950738641186631
"cg15669803",0.279540615237943
"cg25472872",0.150354493377926
"cg05740808",0.241168008566352
"cg21787386",-0.102816150015465
"cg07116947",0.115454845513454
"cg04270747",0.199848546943667
"cg26314722",-0.0861039381063083
"cg22650378",-0.221953095562742
"cg26980072",0.197383476309166
"cg22531018",0.236148153288488
"cg00351047",0.146315891807803
"cg24490133",0.149838235068979
"cg02658964",0.132876272013412
"cg13517021",0.284686982601053
"cg23893897",-0.0778402877211286
"cg26945145",-0.12013326114339
"cg06075558",0.18004387178653
"cg14020410",0.280174605413014
"cg10103157",0.179408590874531
"cg01959238",0.172205832770351
"cg17258440",0.0344161459217364
"cg09165955",0.193970204517388
"cg23154770",0.206320374121256
"cg19112952",-0.106839655995854
"cg02879029",0.183470605055934
"cg00219151",0.263870664551328
"cg23865097",0.190274851339865
"cg25998666",0.189588459325637
"cg13586987",0.182972632466844
"cg01284527",-0.0891269313484476
"cg08216502",0.164874242811454
"cg01827908",0.212120521041488
"cg26167053",0.140423047896079
"cg19526600",0.30423112611662
"cg17229533",0.229479520662041
"cg13583624",0.290545386013134
"cg23422604",0.152834788786249
"cg18099260",0.147747997561743
"cg05376738",-0.142623562810257
"cg02706919",0.189809798406133
"cg15457376",-0.0842097135607308
"cg15973513",-0.161160130439819
"cg11820338",0.255384252957702
"cg09312809",0.319190547871768
"cg23402467",-0.0780631041746718
"cg13761594",0.0664968033690909
"cg16679386",0.157059050681653
"cg20648149",0.233175422185224
"cg08749351",0.186176672835833
"cg21964481",0.160830595541102
"cg17897591",-0.171633705299428
"cg06376507",-0.105693673696881
"cg04718185",0.206499435189422
"cg15181893",-0.151694177516855
"cg00181034",0.126285264209873
"cg02462853",0.207224406059889
"cg19982868",0.169955182001003
"cg03870534",0.231694271210179
"cg02685000",0.233099147009494
"cg11437328",0.266277199328809
"cg07249103",0.124405811404068
"cg22378853",-0.132555355906577
"cg04420916",0.206396964845327
"cg26214765",0.0492659809921045
"cg18659937",0.286862089143277
"cg15711079",0.259555266446545
"cg08771268",0.198391958321963
"cg21077839",-0.195232654919184
"cg13519445",0.111043769751819
"cg09023900",0.257242975622043
"cg00361609",0.193542044945165
"cg10765973",-0.137668927205444
"cg22134468",0.164254593255136
"cg20541039",0.12338646847399
"cg13201803",0.208348674646277
"cg16880946",0.126144453161303
"cg26491653",0.147914336707477
"cg12944311",0.165977212333486
"cg10235849",0.199288463751849
"cg14304515",0.142674168787515
"cg19115548",0.129354523759681
"cg04713094",0.0513943590274021
"cg20060356",-0.168397321833241
"cg05112420",0.0671422401592369
"cg05898398",-0.11906753061891
"cg01589580",-0.190439054097124
"cg24265195",0.219775876992958
"cg16204289",0.23105455185203
"cg18928051",0.237133335646383
"cg00539154",0.174004376137265
"cg02239830",0.159793740571718
"cg12492027",0.16417961674857
"cg15014569",0.193015743103343
"cg26881965",0.207957583189505
"cg02763933",-0.0562831517122196
"cg23506629",0.144624375488416
"cg12761965",-0.115112496359011
"cg03304441",0.209394505797328
"cg18728770",0.175922434076885
"cg05875634",-0.135363935301157
"cg14265704",0.122399324838815
"cg05130927",0.117332192717443
"cg00848997",-0.111173651123514
"cg22339151",0.244285761022984
"cg06347851",0.245853726491468
"cg21859425",0.143888961551438
"cg16859755",0.151223571951342
"cg12364325",0.15348602350687
"cg04157243",0.197038118885035
"cg13998223",0.194248685639959
"cg16311462",0.246866877961168
"cg14662892",0.338054858686066
"cg08380064",0.219244283870948
"cg15254954",-0.13329378948475
"cg07260172",0.187354799227779
"cg13538475",0.256897782852819
"cg19850370",0.223694217597581
"cg00190581",0.299601348204629
"cg10373891",-0.270988909082198
"cg26753466",0.11695686657464
"cg20803226",0.177669348126802
"cg09866569",-0.0441490537795655
"cg04799958",0.13231597080974
"cg02474109",0.190521479823198
"cg08627679",0.205121743884399
"cg21928651",0.180854392243925
"cg12577411",-0.0546498670250971
"cg18267677",-0.0491057704095841
"cg06227841",0.199199960823067
"cg23527334",0.207721206109325
"cg11950939",0.193038967172693
"cg23684410",-0.156883984132074
"cg14207271",0.258308827989186
"cg06441516",0.233958386489801
"cg15701203",0.318033023260026
"cg25587233",0.125300061076794
"cg01919669",0.225926799473316
"cg01704198",0.197772049798789
"cg16961923",0.293150428979621
"cg01968256",0.211636003692483
"cg15009596",0.198932459678149
"cg03723716",0.0662497379781101
"cg07097279",0.241931762957831
"cg26676416",0.122592848044613
"cg12474881",-0.0753707973769121
"cg04403423",0.166807815575446
"cg08663614",0.228399712515787
"cg06651904",0.164972577520529
"cg07097098",-0.2486219313207
"cg22675618",0.218668143969577
"cg04079353",0.196994159105229
"cg06318274",-0.132621982195087
"cg17425561",0.210920118996307
"cg05202032",-0.0573571376461036
"cg09679693",0.208633921741943
"cg03469790",0.1103658459192
"cg11628739",-0.0674518090094129
"cg07965110",0.163400489978469
"cg26041531",0.196217971228211
"cg09276050",0.227589870840726
"cg08008562",0.0240077943955934
"cg12027010",-0.031369707454728
"cg00591936",0.179460718678173
"cg08084103",-0.140678954118464
"cg01491871",0.212630489996152
"cg06560379",-0.198378618193239
"cg14499274",-0.111049305575086
"cg07649585",0.286757736745367
"cg19174059",0.176579933435542
"cg02799411",0.152583662526818
"cg26960719",0.245885879712327
"cg05809798",-0.109932103784068
"cg02692177",0.22421217101944
"cg25140180",0.177777226009174
"cg01560057",0.204272574367399
"cg00061635",0.151218044406441
"cg21458196",0.272158359133779
"cg02225893",0.112418580168513
"cg22340522",0.181423837078898
"cg08199116",0.257988592823847
"cg21192832",0.160399079106436
"cg08718648",0.200538649186373
"cg14209072",0.314727306139596
"cg12967560",0.180302583599347
"cg17115881",0.262456893943663
"cg01278701",-0.136675240263778
"cg10143964",-0.0867987444370726
"cg07160788",0.24276147327577
"cg25221207",-0.105444852739381
"cg20623679",0.151277024017934
"cg09591406",0.0949473723475737
"cg13842508",-0.0851635291723215
"cg05875176",0.163604960987837
"cg13854430",0.228039545397885
"cg24606701",0.160561091738423
"cg07482917",0.114109384907983
"cg01501760",0.132316351505028
"cg26262157",-0.0959899053734121
"cg03439640",0.253080987032741
"cg21482658",0.26393514247078
"cg04052706",0.122206797737843
"cg15749836",-0.0792947690131387
"cg15903685",0.185963804396843
"cg00461650",0.208074466230561
"cg08528404",-0.0627797939533274
"cg17184680",0.29415797187912
"cg15586699",0.219300141888831
"cg15244436",0.182798758633088
"cg14223865",0.241278527935976
"cg17027233",0.0971636763586429
"cg06824186",0.136696917686786
"cg26376346",0.147085165398362
"cg06983052",0.216375769948055
"cg05411732",-0.0615917892650446
"cg11628316",0.037229894407796
"cg25828372",0.237064989915198
"cg03296524",0.183890278911214
"cg27394111",0.162315185224688
"cg16399833",0.153529860870671
"cg02636814",0.247858529590871
"cg10683263",-0.0900790186629959
"cg10063558",0.155748416050022
"cg23018481",0.176200573431435
"cg22474767",0.22788660062587
"cg16817594",0.176248029120406
"cg09663815",0.204523205279438
"cg06295974",0.195750212863006
"cg20059982",0.113261691506583
"cg07753598",0.169973318685796
"cg24758273",0.236239713042008
"cg10589825",0.191386873030994
"cg19683666",0.0943446104863208
"cg08032519",0.126013900426333
"cg22186291",0.147227725610085
"cg20064002",-0.0936169793990822
"cg17110675",0.227282604663323
"cg01986717",0.23724919922455
"cg08915103",0.164638818917465
"cg08330031",0.143150660731868
"cg04320316",0.173906569980198
"cg03801287",0.181660088396282
"cg22307248",-0.0498299699971074
"cg11261747",0.193957117336129
"cg24260221",0.189860268756509
"cg07712604",-0.02368628418422
"cg10441898",0.301119358188615
"cg06102266",0.231341525432916
"cg19599386",0.204052923855651
"cg06066497",0.244752416512975
"cg25458314",0.219222780177523
"cg04906986",0.194327780273893
"cg20783784",0.169714337554647
"cg01284841",-0.106396867290779
"cg17345276",0.232702614861811
"cg03817137",0.204987578549789
"cg11128314",0.264508010918706
"cg22786811",0.131600679265657
"cg24505713",-0.0989367721290469
"cg20204617",0.212733715198327
"cg06967696",0.18088149306393
"cg23679824",0.173881430274506
"cg11052305",-0.112246842321897
"cg19038246",0.291589704663365
"cg15413271",0.212986319100086
"cg08034980",0.266197078098471
"cg26681123",0.215858004871805
"cg11418783",0.202980895451448
"cg07484273",-0.107488715085513
"cg17704154",0.202180584567508
"cg23752564",0.195117548885221
"cg18216575",-0.13649491461263
"cg20980305",0.168554793729684
"cg01894366",0.191888584013862
"cg15336394",0.185093231263127
"cg05105260",0.189644834530893
"cg09293182",-0.0894254000810716
"cg07429047",-0.115813784877059
"cg09497373",-0.0566982391262495
"cg04607238",0.211782681765336
"cg23690808",0.149542041558208
"cg01167274",0.322372793286644
"cg04958055",-0.11112094740653
"cg11601053",0.186446120592977
"cg05132256",0.0676618747127472
"cg06657455",0.179090698325573
"cg03963281",-0.117033834688225
"cg22676347",0.182366824397388
"cg03085335",0.167931046994284
"cg26082742",0.250062646038746
"cg12230983",-0.0694914028183446
"cg14750144",0.24083332211109
"cg08583841",-0.0840355078470484
"cg11839815",0.131250318205265
"cg09068039",-0.0884048544837273
"cg14417974",0.159750277631437
"cg10494063",-0.0752306222863086
"cg22101188",0.214686377700534
"cg00294620",0.163952616664786
"cg17694705",0.180349967864337
"cg03395558",-0.122673096124516
"cg05942964",-0.11302557584959
"cg06713671",0.170289008121212
"cg18574822",0.136240529074148
"cg13764020",0.153484188243913
"cg04330326",-0.116794253684801
"cg03420647",0.21414897252782
"cg00412337",0.0444500037155363
"cg02696607",-0.186811475687078
"cg19422878",-0.158422303419908
"cg06431789",-0.184894178638834
"cg20373747",0.285201613932552
"cg03280622",-0.114060572006574
"cg14437253",0.231433020154377
"cg16071993",0.17421113860134
"cg17678844",0.220007341767929
"cg13012868",0.223541248074967
"cg00341374",0.236547038278904
"cg12481180",0.170367475840633
"cg12165841",0.167952869012013
"cg00800397",-0.103751776654151
"cg01400900",0.167333624087579
"cg10166277",0.159746193134705
"cg00628721",0.172528494450157
"cg16617564",-0.105025897179652
"cg21034531",0.178487339044024
"cg27577907",-0.126816406182497
"cg20872692",0.278338995688296
"cg02247881",0.17512975098577
"cg17965684",0.174696077188323
"cg03293308",-0.149109557429321
"cg14834091",0.196570185542146
"cg02864248",-0.0627598015130861
"cg23965861",-0.092588866423238
"cg22593177",0.181518768964828
"cg26937772",0.219632140342705
"cg17637288",-0.0727949224237605
"cg03270204",0.211574320894307
"cg14558841",0.166801065924107
"cg20828678",0.192504388433485
"cg04977922",0.159752021416107
"cg04741746",0.0989814589163363
"cg06218688",0.178738833490459
"cg25811375",0.143888784376283
"cg18397665",0.256327704593641
"cg08051284",-0.0873668811822993
"cg26099778",0.278407790792472
"cg21503392",0.213201629846713
"cg27154693",-0.143354779335192
"cg24158259",-0.13297654897939
"cg22264836",-0.160486524381256
"cg26875524",0.223296093833668
"cg11469533",0.205571993427077
"cg11441704",0.116237824984925
"cg10261371",0.14839211642223
"cg12864389",-0.13004459378261
"cg06253460",0.190961928527866
"cg22791905",0.176306451810707
"cg17738778",0.147399827775966
"cg19530728",0.230276986624245
"cg02412116",0.218797748167296
"cg16811321",0.212588551646918
"cg24494723",0.281691306766928
"cg03595776",0.293452854412554
"cg22799518",0.0467921692509822
"cg03498373",0.259746715676272
"cg19462307",0.154598709655471
"cg03078958",0.186233916368129
"cg20463780",0.203477728163138
"cg15199476",0.245785681081556
"cg03436326",0.239286442045487
"cg00539226",0.230005027064489
"cg26977859",0.197033393691658
"cg22697688",0.1408756220705
"cg17821664",0.15172186667692
"cg09672452",-0.109449173659191
"cg15665665",0.177531345423303
"cg14767360",0.207415802781483
"cg12132385",-0.096206735740303
"cg21328779",-0.1461925520859
"cg08160085",0.199998997773604
"cg12193997",0.28941332185274
"cg19198580",0.161140095552613
"cg07357341",0.227445811321557
"cg01924868",0.210898278001336
"cg05353659",0.246428383013172
"cg08043665",0.185197150918552
"cg09660008",0.176429956870297
"cg22757362",-0.134459408185515
"cg01823853",0.181340757984088
"cg07618409",0.167184656437956
"cg12167852",0.222886989291841
"cg12826520",0.233015203271147
"cg14145842",-0.0392134434854002
"cg18124737",0.200035800765375
"cg13117745",-0.26414290429014
"cg19287857",0.0941502561096504
"cg12762555",0.146996286496079
"cg07712977",0.165343943796203
"cg09506100",0.222739490606233
"cg02988775",0.237821092500865
"cg03083414",0.230411787663975
"cg22916469",0.264723184166114
"cg17957325",0.166628911390129
"cg17413945",0.264030246535704
"cg19271640",0.18824181533717
"cg11648274",0.247961571106662
"cg24516551",-0.141713651851189
"cg23225366",0.145073519177627
"cg01561157",0.18306746252638
"cg26708048",0.16959137099147
"cg04023831",0.169766447413961
"cg15177359",-0.124918493692932
"cg10715426",0.219450791310781
"cg06355452",0.190971490942563
"cg06596221",0.206680100393705
"cg01246266",-0.141700849384285
"cg02393699",-0.0946176509416277
"cg05656374",-0.133994381003877
"cg04511534",0.181364064175159
"cg06872548",0.173315899200731
"cg07159778",0.167831918218869
"cg16831361",0.234728283464671
"cg19688583",0.201239005988498
"cg21853989",0.228250914753015
"cg21559386",0.144763571937405
"cg19918281",0.207818321281186
"cg00700039",-0.195434128450081
"cg08933220",-0.123204547417735
"cg11584277",-0.117165128389251
"cg05101437",-0.21222352633928
"cg10301767",0.157143948656135
"cg22541001",0.16387423477662
"cg09343270",-0.053552598488932
"cg27135880",0.160726212894315
"cg08102516",-0.165027896437498
"cg25622325",-0.156239885812458
"cg00776186",0.283902467081677
"cg23109910",0.186347441418424
"cg17711068",0.19247498339682
"cg21281463",0.153138248851497
"cg06485114",0.0388806548373261
"cg03103707",-0.0745148857622543
"cg21998869",0.237840792868656
"cg05994135",-0.0544711527340577
"cg15752436",-0.0454070284829568
"cg01087239",0.198280235594189
"cg22200062",0.234037285434326
"cg09579928",0.215792412652876
"cg11561267",0.190469884660382
"cg14844584",0.155114328308322
"cg11261417",0.220292026542159
"cg15903170",0.202513195292587
"cg23530543",-0.113735650298474
"cg16965924",0.205124290847708
"cg01647172",0.226588070245583
"cg06302298",0.317358176507012
"cg25318971",-0.0650855743729855
"cg22005145",0.177324158303653
"cg15133564",0.155492271861198
"cg24283568",0.1524494578858
"cg17374034",0.243004264087792
"cg06930016",0.353932491926124
"cg00735611",0.112535279050048
"cg19921158",0.175675202591393
"cg00420997",-0.0773891525422928
"cg12413156",0.155780856141826
"cg25380351",0.192571461146228
"cg10472919",0.202139478752091
"cg22863744",-0.145176756535368
"cg21176984",0.290582946390227
"cg23998391",0.106217425363821
"cg06432889",-0.0747215885016552
"cg10606193",-0.163520082248091
"cg15755028",0.134698211577531
"cg01083057",0.263562855662098
"cg27513097",0.162504792366361
"cg07300394",0.244051086076347
"cg11170025",0.138359408116547
"cg20740919",0.19591532656217
"cg02351381",-0.12363172290082
"cg03020526",0.119040249069184
"cg01097872",0.211926413713066
"cg19764348",0.173569860268918
"cg14990266",0.253470804899876
"cg08808812",0.210428130134909
"cg10962524",0.145418794174355
"cg14373410",-0.147773484975976
"cg08028844",-0.102625265916017
"cg24082215",-0.0823855649896912
"cg09819520",-0.141396572473136
"cg14241320",-0.126599453858602
"cg16083838",-0.113861364250651
"cg04145927",0.259322625165736
"cg11088489",0.115084565140169
"cg12081359",0.240386625361065
"cg10521399",0.228432856854476
"cg15742496",0.183802137798074
"cg07740599",0.212598310272246
"cg21503904",0.301949186838915
"cg02031025",0.172775394254576
"cg17629647",0.182647010451352
"cg27109043",0.24289024104462
"cg10082963",0.19004841267765
"cg13129556",0.138941165423989
"cg16207151",0.207535802408321
"cg07260778",0.270202400329439
"cg08112265",0.274276696240911
"cg00549133",0.167702186794495
"cg01562302",0.123622066829992
"cg05624311",0.183009740381176
"cg26504275",0.19732314724066
"cg13508642",-0.0549056708354041
"cg10420589",0.0984592811388827
"cg10913096",0.0935346482368523
"cg26297809",0.0995950237075526
"cg21297772",0.176673052790176
"cg11998932",-0.218278763085944
"cg17050389",-0.189892142996709
"cg06402858",0.17786199959949
"cg03262020",-0.136270263592159
"cg18093866",0.0845076472731986
"cg14432066",0.236083790289919
"cg02764206",0.178198803791474
"cg16328936",0.272797467993897
"cg06173337",0.1816619362281
"cg20681948",0.113279659619846
"cg04310331",0.134295486131696
"cg00790255",0.168426621455563
"cg07280337",0.167774654770664
"cg08917944",0.110184220697163
"cg18151487",0.132741797531959
"cg04349178",0.224509411015543
"cg10171468",-0.0989579858664086
"cg22634973",0.206740744943892
"cg01948047",0.212643338947917
"cg01519299",0.1949415377321
"cg25491040",0.147795440300926
"cg03098021",0.227040065573685
"cg21136271",-0.0868679027989185
"cg02557110",0.169273905150153
"cg14422997",0.153421655704834
"cg08839668",-0.197907016394064
"cg02022698",-0.0653085700301776
"cg01846703",0.180529302330172
"cg25750004",0.158606176063287
"cg06413569",-0.152086472371608
"cg01635522",-0.186148392555063
"cg04091816",0.217322034704016
"cg25012257",0.26467612591834
"cg11986760",-0.0986559439212639
"cg22494725",-0.196951596330602
"cg02075324",0.159079723038462
"cg00507757",-0.160077010329616
"cg01573661",0.127065327375463
"cg26034769",0.22013959904132
"cg16123269",-0.078895010412355
"cg25023975",0.120365057941219
"cg24160764",0.195210995327291
"cg12547516",0.2303629478503
"cg00782223",0.120094617846061
"cg08658551",-0.145764827696274
"cg15652212",0.257190487222263
"cg02212687",0.210979972976452
"cg09167106",0.185204266406753
"cg02988288",-0.3496513219772
"cg26817028",-0.196356578744517
"cg26606740",0.186554034884057
"cg05498681",0.226570719819053
"cg04266480",-0.0896160480353576
"cg18210619",0.252834723940781
"cg26315602",0.12751930833893
"cg15937520",0.161325102710053
"cg22489876",0.149531184863721
"cg13777759",0.193050687301581
"cg14823825",0.125820324450026
"cg20345556",0.110547412004426
"cg18237378",0.124785452349367
"cg17760391",-0.227658297894189
"cg01400685",-0.246801235032538
"cg18596382",0.236436508073657
"cg26883837",0.150583562612807
"cg22006489",-0.107153413741816
"cg19045070",0.187202299539192
"cg02878195",-0.125599860639826
"cg12271728",0.11012791238805
"cg10179693",0.162883394021713
"cg23663176",0.176675639458073
"cg05887366",0.133131626237362
"cg03226872",0.111667880420458
"cg00447837",-0.0710147380632445
"cg10417571",0.202957581618576
"cg11699878",0.223346545783808
"cg11860192",0.219735306159817
"cg12058878",0.277808939559311
"cg17099739",0.221285207008294
"cg24593363",-0.0819959076638939
"cg03732541",-0.135659398879537
"cg03889414",0.153756770291567
"cg26763883",0.251106570442534
"cg06418322",0.136935273500455
"cg11190552",0.0274716970122386
"cg13216568",0.142537844608553
"cg06254381",0.230400926182858
"cg18810315",0.246956835504503
"cg06638064",0.34362502823145
"cg11795728",-0.161925662781357
"cg22724863",0.205262005160696
"cg21854040",0.204557605019939
"cg02538248",-0.0864520731487726
"cg25069354",0.153794565699374
"cg13207340",-0.0898967722488953
"cg15818631",0.143292772775854
"cg14128638",0.203608482047931
"cg20318252",0.143594893219787
"cg23099740",0.127245445673657
"cg07269562",-0.0607992304255741
"cg22505962",-0.129521351290186
"cg27108059",0.232798065594858
"cg21483494",0.315707103113347
"cg19683419",0.238522944770522
"cg16461320",0.194217019620431
"cg15352562",-0.174767729965689
"cg17182817",-0.0597593386508557
"cg16365663",0.186799659238369
"cg12317590",-0.0574991983550813
"cg16919295",0.27195800593742
"cg09404263",0.195485392797049
"cg04134926",0.182636660736007
"cg23489898",0.203463423798598
"cg23840027",-0.103150858765322
"cg26558914",0.187988713756897
"cg18371928",0.206702984379535
"cg22276811",0.134829555010404
"cg15083003",0.184908901575488
"cg10596768",0.257068744768995
"cg12720971",-0.0835094646560892
"cg17739428",-0.0386308903187079
"cg07275439",0.170959892703368
"cg04701897",0.177052516049591
"cg06350509",0.167067134444781
"cg12706664",0.180004413477896
"cg27610491",0.263057991235563
"cg22965600",0.130272898402218
"cg02082699",0.202874025653465
"cg03071738",0.225039029742842
"cg18656183",0.127450409311794
"cg23327824",-0.131614846700327
"cg08711729",0.205578903616495
"cg24426483",0.18664096919619
"cg10705487",0.185725705520897
"cg05877550",0.21605937002702
"cg04481554",0.160205756832167
"cg18352576",-0.284166561683012
"cg14289511",-0.225120660179715
"cg12799666",0.180881658265219
"cg13036352",-0.236677366339591
"cg05968393",0.294930589027105
